<?xml version="1.0"?>
<pagescount>
	<html_total>10</html_total>
	<html_done>10</html_done>
	<img>226</img>
	<js>9</js>
	<css>7</css>
	<pdf/>
	<doc/>
	<xls/>
	<ppt/>
	<swf/>
	<mp3/>
	<mp4/>
	<xml/>
	<json/>
	<txt/>
	<fonts>40</fonts>
	<scraping_reload>1</scraping_reload>
	<is_pretty_url>false</is_pretty_url>
	<is_ebn>false</is_ebn>
	<theme_name>293573</theme_name>
	<server_url_front_page>https://www6.waybackmachinedownloader.com/wdo/files/demo/pokojsztuki.nazwa.pl_s2426_pjwstk.edu.pl_svq0ccbd2m0/</server_url_front_page>
	<no_www_url>pokojsztuki.nazwa.pl</no_www_url>
	<hosted_domain/>
	<original_archive_url>http://pokojsztuki.nazwa.pl/</original_archive_url>
	<final_archive_url>http://pokojsztuki.nazwa.pl/</final_archive_url>
	<front_page_code_date/>
	<total_urls_from_api/>
	<search_url_added>false</search_url_added>
	<total_size>5784</total_size>
</pagescount>
